{
  "parent": "minecraft:recipes/root",
  "criteria": {
    "has_banner": {
      "trigger": "minecraft:inventory_changed",
      "conditions": {
        "items": [
          {
            "tag": "minecraft:banners"
          }
        ]
      }
    }
  },
  "rewards": {
    "recipes": [
      "minecraft:black_banner_from_white_banner",
      "minecraft:blue_banner_from_white_banner",
      "minecraft:brown_banner_from_white_banner",
      "minecraft:cyan_banner_from_white_banner",
      "minecraft:gray_banner_from_white_banner",
      "minecraft:green_banner_from_white_banner",
      "minecraft:light_blue_banner_from_white_banner",
      "minecraft:light_gray_banner_from_white_banner",
      "minecraft:lime_banner_from_white_banner",
      "minecraft:magenta_banner_from_white_banner",
      "minecraft:orange_banner_from_white_banner",
      "minecraft:pink_banner_from_white_banner",
      "minecraft:purple_banner_from_white_banner",
      "minecraft:red_banner_from_white_banner",
      "minecraft:yellow_banner_from_white_banner"
    ]
  }
}