{
  "parent": "minecraft:recipes/root",
  "criteria": {
    "has_candle": {
      "trigger": "minecraft:inventory_changed",
      "conditions": {
        "items": [
          {
            "tag": "minecraft:candles"
          }
        ]
      }
    }
  },
  "rewards": {
    "recipes": [
      "minecraft:black_candle",
      "minecraft:blue_candle",
      "minecraft:brown_candle",
      "minecraft:cyan_candle",
      "minecraft:gray_candle",
      "minecraft:green_candle",
      "minecraft:light_blue_candle",
      "minecraft:light_gray_candle",
      "minecraft:lime_candle",
      "minecraft:magenta_candle",
      "minecraft:orange_candle",
      "minecraft:pink_candle",
      "minecraft:purple_candle",
      "minecraft:red_candle",
      "minecraft:yellow_candle"
    ]
  }
}