{
  "parent": "minecraft:recipes/root",
  "criteria": {
    "has_carpet": {
      "trigger": "minecraft:inventory_changed",
      "conditions": {
        "items": [
          {
            "tag": "minecraft:carpets"
          }
        ]
      }
    }
  },
  "rewards": {
    "recipes": [
      "minecraft:black_carpet_from_white_carpet",
      "minecraft:blue_carpet_from_white_carpet",
      "minecraft:brown_carpet_from_white_carpet",
      "minecraft:cyan_carpet_from_white_carpet",
      "minecraft:gray_carpet_from_white_carpet",
      "minecraft:green_carpet_from_white_carpet",
      "minecraft:light_blue_carpet_from_white_carpet",
      "minecraft:light_gray_carpet_from_white_carpet",
      "minecraft:lime_carpet_from_white_carpet",
      "minecraft:magenta_carpet_from_white_carpet",
      "minecraft:orange_carpet_from_white_carpet",
      "minecraft:pink_carpet_from_white_carpet",
      "minecraft:purple_carpet_from_white_carpet",
      "minecraft:red_carpet_from_white_carpet",
      "minecraft:yellow_carpet_from_white_carpet"
    ]
  }
}
