{
  "parent": "minecraft:recipes/root",
  "criteria": {
    "has_terracotta": {
      "trigger": "minecraft:inventory_changed",
      "conditions": {
        "items": [
          {
            "tag": "minecraft:terracotta"
          }
        ]
      }
    }
  },
  "rewards": {
    "recipes": [
      "minecraft:black_terracotta",
      "minecraft:blue_terracotta",
      "minecraft:brown_terracotta",
      "minecraft:cyan_terracotta",
      "minecraft:gray_terracotta",
      "minecraft:green_terracotta",
      "minecraft:light_blue_terracotta",
      "minecraft:light_gray_terracotta",
      "minecraft:lime_terracotta",
      "minecraft:magenta_terracotta",
      "minecraft:orange_terracotta",
      "minecraft:pink_terracotta",
      "minecraft:purple_terracotta",
      "minecraft:red_terracotta",
      "minecraft:white_terracotta",
      "minecraft:yellow_terracotta"
    ]
  }
}