{
  "parent": "minecraft:recipes/root",
  "criteria": {
    "has_wool": {
      "trigger": "minecraft:inventory_changed",
      "conditions": {
        "items": [
          {
            "tag": "minecraft:wool"
          }
        ]
      }
    }
  },
  "rewards": {
    "recipes": [
      "minecraft:black_wool",
      "minecraft:blue_wool",
      "minecraft:brown_wool",
      "minecraft:cyan_wool",
      "minecraft:gray_wool",
      "minecraft:green_wool",
      "minecraft:light_blue_wool",
      "minecraft:light_gray_wool",
      "minecraft:lime_wool",
      "minecraft:magenta_wool",
      "minecraft:orange_wool",
      "minecraft:pink_wool",
      "minecraft:purple_wool",
      "minecraft:red_wool",
      "minecraft:white_wool",
      "minecraft:yellow_wool"
    ]
  }
}
